TITLE,DESCRIPTION,IMAGE,PRICE,USERID
test1admin,test1,test1,410,1
test2admin,test2,test2,420,1
test3admin,test3,test3,430,1
test4admin,test4,test4,440,1
test5admin,test5,test5,450,1
test1user,test1,test1,110,2
test2user,test2,test2,120,2
test3user,test3,test3,130,2
test4user,test4,test4,140,2
test5user,test5,test5,150,2
test6user,test6,test6,160,2
test7user,test7,test7,170,2
test8user,test8,test8,180,2
test9user,test9,test9,190,2
test10user,test10,test10,200,2
test11user,test11,test11,210,2
test12user,test12,test12,220,2
test13user,test13,test13,230,2
test14user,test14,test14,240,2
test15user,test15,test15,250,2
test16user,test16,test16,260,2
test17user,test17,test17,270,2
test18user,test18,test18,280,2
test19user,test19,test19,290,2
test20user,test20,test20,300,2
